date,connectedAt,disconnectedAt,spentTimeSeconds,connectionId,sessionId,path,browser,os,os_version,device_type,device_model,country,city,ip,user_agent
2026-01-09,2026-01-09T07:59:43.863+00:00,,,W6FJPf3njoECEkw=,web_01KEGSCV81KFPASM48KBND0W7R,/,Chrome,OS X,,desktop,Macintosh,tr,,"159.146.67.95, 52.49.233.136","Mozilla/5.0 (Macintosh; Intel Mac OS X 10_15_7) AppleWebKit/537.36 (KHTML, like Gecko) Chrome/143.0.0.0 Safari/537.36"
2026-01-09,2026-01-09T07:59:47.623+00:00,,,W6FKDdOxDoECEwA=,web_01KEGSCV81KFPASM48KBND0W7R,/,Chrome,OS X,,desktop,Macintosh,tr,,"159.146.67.95, 52.49.233.136","Mozilla/5.0 (Macintosh; Intel Mac OS X 10_15_7) AppleWebKit/537.36 (KHTML, like Gecko) Chrome/143.0.0.0 Safari/537.36"
2026-01-09,,2026-01-09T07:59:48.216+00:00,4.353,W6FJPf3njoECEkw=,web_01KEGSCV81KFPASM48KBND0W7R,/,Chrome,OS X,,desktop,Macintosh,tr,,"159.146.67.95, 52.49.233.136","Mozilla/5.0 (Macintosh; Intel Mac OS X 10_15_7) AppleWebKit/537.36 (KHTML, like Gecko) Chrome/143.0.0.0 Safari/537.36"
2026-01-09,,2026-01-09T08:00:23.439+00:00,35.816,W6FKDdOxDoECEwA=,web_01KEGSCV81KFPASM48KBND0W7R,/,Chrome,OS X,,desktop,Macintosh,tr,,"159.146.67.95, 52.49.233.136","Mozilla/5.0 (Macintosh; Intel Mac OS X 10_15_7) AppleWebKit/537.36 (KHTML, like Gecko) Chrome/143.0.0.0 Safari/537.36"
2026-01-09,2026-01-09T08:00:25.582+00:00,,,W6FP5eCxjoECJrA=,web_01KEGSCV81KFPASM48KBND0W7R,/,Chrome,OS X,,desktop,Macintosh,tr,,"159.146.67.95, 52.49.233.136","Mozilla/5.0 (Macintosh; Intel Mac OS X 10_15_7) AppleWebKit/537.36 (KHTML, like Gecko) Chrome/143.0.0.0 Safari/537.36"
2026-01-09,2026-01-09T08:00:28.325+00:00,,,W6FQbe1ojoECGRQ=,web_01KEGSCV81KFPASM48KBND0W7R,/,Chrome,OS X,,desktop,Macintosh,tr,,"159.146.67.95, 52.49.233.136","Mozilla/5.0 (Macintosh; Intel Mac OS X 10_15_7) AppleWebKit/537.36 (KHTML, like Gecko) Chrome/143.0.0.0 Safari/537.36"
2026-01-09,,2026-01-09T08:00:30.230+00:00,4.648,W6FP5eCxjoECJrA=,web_01KEGSCV81KFPASM48KBND0W7R,/,Chrome,OS X,,desktop,Macintosh,tr,,"159.146.67.95, 52.49.233.136","Mozilla/5.0 (Macintosh; Intel Mac OS X 10_15_7) AppleWebKit/537.36 (KHTML, like Gecko) Chrome/143.0.0.0 Safari/537.36"
2026-01-09,,2026-01-09T08:00:30.974+00:00,2.649,W6FQbe1ojoECGRQ=,web_01KEGSCV81KFPASM48KBND0W7R,/,Chrome,OS X,,desktop,Macintosh,tr,,"159.146.67.95, 52.49.233.136","Mozilla/5.0 (Macintosh; Intel Mac OS X 10_15_7) AppleWebKit/537.36 (KHTML, like Gecko) Chrome/143.0.0.0 Safari/537.36"
2026-01-09,2026-01-09T08:00:47.513+00:00,,,W6FTWfS_DoECI7Q=,web_01KEGSCV81KFPASM48KBND0W7R,/,Chrome,OS X,,desktop,Macintosh,tr,,"159.146.67.95, 52.49.233.136","Mozilla/5.0 (Macintosh; Intel Mac OS X 10_15_7) AppleWebKit/537.36 (KHTML, like Gecko) Chrome/143.0.0.0 Safari/537.36"
2026-01-09,,2026-01-09T08:00:50.219+00:00,2.706,W6FTWfS_DoECI7Q=,web_01KEGSCV81KFPASM48KBND0W7R,/,Chrome,OS X,,desktop,Macintosh,tr,,"159.146.67.95, 52.49.233.136","Mozilla/5.0 (Macintosh; Intel Mac OS X 10_15_7) AppleWebKit/537.36 (KHTML, like Gecko) Chrome/143.0.0.0 Safari/537.36"
2026-01-09,2026-01-09T08:00:54.699+00:00,,,W6FUCdYZjoECJag=,web_01KEGSCV81KFPASM48KBND0W7R,/,Chrome,OS X,,desktop,Macintosh,tr,,"159.146.67.95, 52.49.233.136","Mozilla/5.0 (Macintosh; Intel Mac OS X 10_15_7) AppleWebKit/537.36 (KHTML, like Gecko) Chrome/143.0.0.0 Safari/537.36"
2026-01-09,2026-01-09T08:01:21.373+00:00,,,W6FYtfdgjoECEJw=,web_01KEGSCV81KFPASM48KBND0W7R,/,Chrome,OS X,,desktop,Macintosh,tr,,"159.146.67.95, 52.49.233.136","Mozilla/5.0 (Macintosh; Intel Mac OS X 10_15_7) AppleWebKit/537.36 (KHTML, like Gecko) Chrome/143.0.0.0 Safari/537.36"
2026-01-09,,2026-01-09T08:01:36.339+00:00,14.966,W6FYtfdgjoECEJw=,web_01KEGSCV81KFPASM48KBND0W7R,/,Chrome,OS X,,desktop,Macintosh,tr,,"159.146.67.95, 52.49.233.136","Mozilla/5.0 (Macintosh; Intel Mac OS X 10_15_7) AppleWebKit/537.36 (KHTML, like Gecko) Chrome/143.0.0.0 Safari/537.36"
2026-01-09,2026-01-09T08:04:22.176+00:00,,,W6F08cL3joEAcWg=,web_01KEGWBHWT7XQ3YYZ1E9YWEFA5,/,Chrome,OS X,,desktop,Macintosh,tr,,"159.146.67.95, 52.49.233.136","Mozilla/5.0 (Macintosh; Intel Mac OS X 10_15_7) AppleWebKit/537.36 (KHTML, like Gecko) Chrome/143.0.0.0 Safari/537.36"
2026-01-09,,2026-01-09T08:04:27.930+00:00,5.754,W6F08cL3joEAcWg=,web_01KEGWBHWT7XQ3YYZ1E9YWEFA5,/,Chrome,OS X,,desktop,Macintosh,tr,,"159.146.67.95, 52.49.233.136","Mozilla/5.0 (Macintosh; Intel Mac OS X 10_15_7) AppleWebKit/537.36 (KHTML, like Gecko) Chrome/143.0.0.0 Safari/537.36"
2026-01-09,2026-01-09T08:04:35.194+00:00,,,W6F2sd3hjoECFcQ=,web_01KEGWBHWT7XQ3YYZ1E9YWEFA5,/,Chrome,OS X,,desktop,Macintosh,tr,,"159.146.67.95, 52.49.233.136","Mozilla/5.0 (Macintosh; Intel Mac OS X 10_15_7) AppleWebKit/537.36 (KHTML, like Gecko) Chrome/143.0.0.0 Safari/537.36"
2026-01-09,,2026-01-09T08:04:38.623+00:00,3.429,W6F2sd3hjoECFcQ=,web_01KEGWBHWT7XQ3YYZ1E9YWEFA5,/,Chrome,OS X,,desktop,Macintosh,tr,,"159.146.67.95, 52.49.233.136","Mozilla/5.0 (Macintosh; Intel Mac OS X 10_15_7) AppleWebKit/537.36 (KHTML, like Gecko) Chrome/143.0.0.0 Safari/537.36"
2026-01-09,2026-01-09T08:05:29.320+00:00,,,W6F_devIjoECG_Q=,web_01KEGWBHWT7XQ3YYZ1E9YWEFA5,/,Chrome,OS X,,desktop,Macintosh,tr,,"159.146.67.95, 52.49.233.136","Mozilla/5.0 (Macintosh; Intel Mac OS X 10_15_7) AppleWebKit/537.36 (KHTML, like Gecko) Chrome/143.0.0.0 Safari/537.36"
2026-01-09,,2026-01-09T08:05:31.817+00:00,2.497,W6F_devIjoECG_Q=,web_01KEGWBHWT7XQ3YYZ1E9YWEFA5,/,Chrome,OS X,,desktop,Macintosh,tr,,"159.146.67.95, 52.49.233.136","Mozilla/5.0 (Macintosh; Intel Mac OS X 10_15_7) AppleWebKit/537.36 (KHTML, like Gecko) Chrome/143.0.0.0 Safari/537.36"
2026-01-09,2026-01-09T08:21:12.379+00:00,,,W6ISpeS7DoECEqg=,web_01KEGWBHWT7XQ3YYZ1E9YWEFA5,/,Chrome,OS X,,desktop,Macintosh,tr,,"159.146.67.95, 52.49.233.136","Mozilla/5.0 (Macintosh; Intel Mac OS X 10_15_7) AppleWebKit/537.36 (KHTML, like Gecko) Chrome/143.0.0.0 Safari/537.36"
2026-01-09,,2026-01-09T08:21:15.057+00:00,2.678,W6ISpeS7DoECEqg=,web_01KEGWBHWT7XQ3YYZ1E9YWEFA5,/,Chrome,OS X,,desktop,Macintosh,tr,,"159.146.67.95, 52.49.233.136","Mozilla/5.0 (Macintosh; Intel Mac OS X 10_15_7) AppleWebKit/537.36 (KHTML, like Gecko) Chrome/143.0.0.0 Safari/537.36"
2026-01-09,2026-01-09T08:21:16.123+00:00,,,W6ITWfmQjoECJZw=,web_01KEGWBHWT7XQ3YYZ1E9YWEFA5,/,Chrome,OS X,,desktop,Macintosh,tr,,"159.146.67.95, 52.49.233.136","Mozilla/5.0 (Macintosh; Intel Mac OS X 10_15_7) AppleWebKit/537.36 (KHTML, like Gecko) Chrome/143.0.0.0 Safari/537.36"
2026-01-09,,2026-01-09T08:21:18.589+00:00,2.466,W6ITWfmQjoECJZw=,web_01KEGWBHWT7XQ3YYZ1E9YWEFA5,/,Chrome,OS X,,desktop,Macintosh,tr,,"159.146.67.95, 52.49.233.136","Mozilla/5.0 (Macintosh; Intel Mac OS X 10_15_7) AppleWebKit/537.36 (KHTML, like Gecko) Chrome/143.0.0.0 Safari/537.36"
2026-01-09,2026-01-09T08:21:35.507+00:00,,,W6IWSdBqDoECEtQ=,web_01KEGWBHWT7XQ3YYZ1E9YWEFA5,/,Chrome,OS X,,desktop,Macintosh,tr,,"159.146.67.95, 52.49.233.136","Mozilla/5.0 (Macintosh; Intel Mac OS X 10_15_7) AppleWebKit/537.36 (KHTML, like Gecko) Chrome/143.0.0.0 Safari/537.36"
2026-01-09,,2026-01-09T08:21:37.862+00:00,2.355,W6IWSdBqDoECEtQ=,web_01KEGWBHWT7XQ3YYZ1E9YWEFA5,/,Chrome,OS X,,desktop,Macintosh,tr,,"159.146.67.95, 52.49.233.136","Mozilla/5.0 (Macintosh; Intel Mac OS X 10_15_7) AppleWebKit/537.36 (KHTML, like Gecko) Chrome/143.0.0.0 Safari/537.36"
2026-01-09,2026-01-09T10:16:29.916+00:00,,,W6ZLrcGLjoECF0A=,web_01KEGWBHWT7XQ3YYZ1E9YWEFA5,/,Chrome,OS X,,desktop,Macintosh,tr,,"159.146.67.95, 52.49.233.136","Mozilla/5.0 (Macintosh; Intel Mac OS X 10_15_7) AppleWebKit/537.36 (KHTML, like Gecko) Chrome/143.0.0.0 Safari/537.36"
2026-01-09,,2026-01-09T10:16:32.579+00:00,2.663,W6ZLrcGLjoECF0A=,web_01KEGWBHWT7XQ3YYZ1E9YWEFA5,/,Chrome,OS X,,desktop,Macintosh,tr,,"159.146.67.95, 52.49.233.136","Mozilla/5.0 (Macintosh; Intel Mac OS X 10_15_7) AppleWebKit/537.36 (KHTML, like Gecko) Chrome/143.0.0.0 Safari/537.36"
2026-01-09,2026-01-09T12:55:20.933+00:00,,,W6wczdgQjoECGPw=,web_01KEGWBHWT7XQ3YYZ1E9YWEFA5,/,Chrome,OS X,,desktop,Macintosh,tr,,"159.146.67.95, 52.49.233.136","Mozilla/5.0 (Macintosh; Intel Mac OS X 10_15_7) AppleWebKit/537.36 (KHTML, like Gecko) Chrome/143.0.0.0 Safari/537.36"
2026-01-09,,2026-01-09T12:55:24.367+00:00,3.434,W6wczdgQjoECGPw=,web_01KEGWBHWT7XQ3YYZ1E9YWEFA5,/,Chrome,OS X,,desktop,Macintosh,tr,,"159.146.67.95, 52.49.233.136","Mozilla/5.0 (Macintosh; Intel Mac OS X 10_15_7) AppleWebKit/537.36 (KHTML, like Gecko) Chrome/143.0.0.0 Safari/537.36"
2026-01-09,2026-01-09T12:55:49.885+00:00,,,W6wWmdt1DoECJ0w=,web_01KEGWBHWT7XQ3YYZ1E9YWEFA5,/,Chrome,OS X,,desktop,Macintosh,tr,,"159.146.67.95, 52.49.233.136","Mozilla/5.0 (Macintosh; Intel Mac OS X 10_15_7) AppleWebKit/537.36 (KHTML, like Gecko) Chrome/143.0.0.0 Safari/537.36"
2026-01-09,2026-01-09T13:07:07.385+00:00,,,W6yLGfZiDoECFkg=,web_01KEGWBHWT7XQ3YYZ1E9YWEFA5,/,Chrome,OS X,,desktop,Macintosh,tr,,"159.146.67.95, 52.49.233.136","Mozilla/5.0 (Macintosh; Intel Mac OS X 10_15_7) AppleWebKit/537.36 (KHTML, like Gecko) Chrome/143.0.0.0 Safari/537.36"
2026-01-09,,2026-01-09T13:07:12.630+00:00,5.245,W6yLGfZiDoECFkg=,web_01KEGWBHWT7XQ3YYZ1E9YWEFA5,/,Chrome,OS X,,desktop,Macintosh,tr,,"159.146.67.95, 52.49.233.136","Mozilla/5.0 (Macintosh; Intel Mac OS X 10_15_7) AppleWebKit/537.36 (KHTML, like Gecko) Chrome/143.0.0.0 Safari/537.36"
2026-01-09,2026-01-09T13:13:59.830+00:00,,,W6zLOfC4joECElQ=,web_01KEGWBHWT7XQ3YYZ1E9YWEFA5,/,Chrome,OS X,,desktop,Macintosh,tr,,"159.146.67.95, 52.49.233.136","Mozilla/5.0 (Macintosh; Intel Mac OS X 10_15_7) AppleWebKit/537.36 (KHTML, like Gecko) Chrome/143.0.0.0 Safari/537.36"
2026-01-09,,2026-01-09T13:14:04.191+00:00,4.361,W6zLOfC4joECElQ=,web_01KEGWBHWT7XQ3YYZ1E9YWEFA5,/,Chrome,OS X,,desktop,Macintosh,tr,,"159.146.67.95, 52.49.233.136","Mozilla/5.0 (Macintosh; Intel Mac OS X 10_15_7) AppleWebKit/537.36 (KHTML, like Gecko) Chrome/143.0.0.0 Safari/537.36"
2026-01-09,2026-01-09T13:24:25.835+00:00,,,W60tgdxjDoECF9w=,web_01KEGWBHWT7XQ3YYZ1E9YWEFA5,/,Chrome,OS X,,desktop,Macintosh,tr,,"159.146.67.95, 52.49.233.136","Mozilla/5.0 (Macintosh; Intel Mac OS X 10_15_7) AppleWebKit/537.36 (KHTML, like Gecko) Chrome/143.0.0.0 Safari/537.36"
2026-01-09,,2026-01-09T13:24:28.646+00:00,2.811,W60tgdxjDoECF9w=,web_01KEGWBHWT7XQ3YYZ1E9YWEFA5,/,Chrome,OS X,,desktop,Macintosh,tr,,"159.146.67.95, 52.49.233.136","Mozilla/5.0 (Macintosh; Intel Mac OS X 10_15_7) AppleWebKit/537.36 (KHTML, like Gecko) Chrome/143.0.0.0 Safari/537.36"
2026-01-09,2026-01-09T13:55:20.858+00:00,,,W65PSfAkjoECG_Q=,web_01KEGWBHWT7XQ3YYZ1E9YWEFA5,/,Chrome,OS X,,desktop,Macintosh,tr,,"159.146.67.95, 52.49.233.136","Mozilla/5.0 (Macintosh; Intel Mac OS X 10_15_7) AppleWebKit/537.36 (KHTML, like Gecko) Chrome/143.0.0.0 Safari/537.36"
2026-01-09,,2026-01-09T13:55:24.465+00:00,3.607,W65PSfAkjoECG_Q=,web_01KEGWBHWT7XQ3YYZ1E9YWEFA5,/,Chrome,OS X,,desktop,Macintosh,tr,,"159.146.67.95, 52.49.233.136","Mozilla/5.0 (Macintosh; Intel Mac OS X 10_15_7) AppleWebKit/537.36 (KHTML, like Gecko) Chrome/143.0.0.0 Safari/537.36"
2026-01-12,2026-01-12T05:32:15.780+00:00,,,XDoWudVbDoECEOw=,web_01KERB1H85DE4YAQFKGSFFW0JA,/,Chrome,OS X,,desktop,Macintosh,tr,,"159.146.67.95, 52.49.233.136","Mozilla/5.0 (Macintosh; Intel Mac OS X 10_15_7) AppleWebKit/537.36 (KHTML, like Gecko) Chrome/143.0.0.0 Safari/537.36"
2026-01-12,,2026-01-12T05:32:20.160+00:00,4.380,XDoWudVbDoECEOw=,web_01KERB1H85DE4YAQFKGSFFW0JA,/,Chrome,OS X,,desktop,Macintosh,tr,,"159.146.67.95, 52.49.233.136","Mozilla/5.0 (Macintosh; Intel Mac OS X 10_15_7) AppleWebKit/537.36 (KHTML, like Gecko) Chrome/143.0.0.0 Safari/537.36"
2026-01-12,2026-01-12T05:46:46.623+00:00,,,XDqe-eYQjoECJAQ=,web_01KERB1H85DE4YAQFKGSFFW0JA,/,Chrome,OS X,,desktop,Macintosh,tr,,"159.146.67.95, 52.49.233.136","Mozilla/5.0 (Macintosh; Intel Mac OS X 10_15_7) AppleWebKit/537.36 (KHTML, like Gecko) Chrome/143.0.0.0 Safari/537.36"
2026-01-12,,2026-01-12T05:46:52.842+00:00,6.219,XDqe-eYQjoECJAQ=,web_01KERB1H85DE4YAQFKGSFFW0JA,/,Chrome,OS X,,desktop,Macintosh,tr,,"159.146.67.95, 52.49.233.136","Mozilla/5.0 (Macintosh; Intel Mac OS X 10_15_7) AppleWebKit/537.36 (KHTML, like Gecko) Chrome/143.0.0.0 Safari/537.36"
2026-01-12,2026-01-12T05:47:06.556+00:00,,,XDqiKfqOjoECE7A=,web_01KERB1H85DE4YAQFKGSFFW0JA,/,Chrome,OS X,,desktop,Macintosh,tr,,"159.146.67.95, 52.49.233.136","Mozilla/5.0 (Macintosh; Intel Mac OS X 10_15_7) AppleWebKit/537.36 (KHTML, like Gecko) Chrome/143.0.0.0 Safari/537.36"
2026-01-12,2026-01-12T05:47:08.444+00:00,,,XDqibemLDoECEJQ=,web_01KERB1H85DE4YAQFKGSFFW0JA,/,Chrome,OS X,,desktop,Macintosh,tr,,"159.146.67.95, 52.49.233.136","Mozilla/5.0 (Macintosh; Intel Mac OS X 10_15_7) AppleWebKit/537.36 (KHTML, like Gecko) Chrome/143.0.0.0 Safari/537.36"
2026-01-12,,2026-01-12T05:47:09.396+00:00,2.840,XDqiKfqOjoECE7A=,web_01KERB1H85DE4YAQFKGSFFW0JA,/,Chrome,OS X,,desktop,Macintosh,tr,,"159.146.67.95, 52.49.233.136","Mozilla/5.0 (Macintosh; Intel Mac OS X 10_15_7) AppleWebKit/537.36 (KHTML, like Gecko) Chrome/143.0.0.0 Safari/537.36"
2026-01-12,,2026-01-12T05:47:15.405+00:00,6.961,XDqibemLDoECEJQ=,web_01KERB1H85DE4YAQFKGSFFW0JA,/,Chrome,OS X,,desktop,Macintosh,tr,,"159.146.67.95, 52.49.233.136","Mozilla/5.0 (Macintosh; Intel Mac OS X 10_15_7) AppleWebKit/537.36 (KHTML, like Gecko) Chrome/143.0.0.0 Safari/537.36"
2026-01-12,2026-01-12T05:47:19.939+00:00,,,XDqkQdD4DoECFdQ=,web_01KERB1H85DE4YAQFKGSFFW0JA,/,Chrome,OS X,,desktop,Macintosh,tr,,"159.146.67.95, 52.49.233.136","Mozilla/5.0 (Macintosh; Intel Mac OS X 10_15_7) AppleWebKit/537.36 (KHTML, like Gecko) Chrome/143.0.0.0 Safari/537.36"
2026-01-12,,2026-01-12T05:47:28.535+00:00,8.596,XDqkQdD4DoECFdQ=,web_01KERB1H85DE4YAQFKGSFFW0JA,/,Chrome,OS X,,desktop,Macintosh,tr,,"159.146.67.95, 52.49.233.136","Mozilla/5.0 (Macintosh; Intel Mac OS X 10_15_7) AppleWebKit/537.36 (KHTML, like Gecko) Chrome/143.0.0.0 Safari/537.36"
2026-01-12,2026-01-12T06:01:39.557+00:00,,,XDsqkerOjoECFFA=,web_01KERB1H85DE4YAQFKGSFFW0JA,/,Chrome,OS X,,desktop,Macintosh,tr,,"159.146.67.95, 52.49.233.136","Mozilla/5.0 (Macintosh; Intel Mac OS X 10_15_7) AppleWebKit/537.36 (KHTML, like Gecko) Chrome/143.0.0.0 Safari/537.36"
2026-01-12,,2026-01-12T06:01:42.036+00:00,2.479,XDsqkerOjoECFFA=,web_01KERB1H85DE4YAQFKGSFFW0JA,/,Chrome,OS X,,desktop,Macintosh,tr,,"159.146.67.95, 52.49.233.136","Mozilla/5.0 (Macintosh; Intel Mac OS X 10_15_7) AppleWebKit/537.36 (KHTML, like Gecko) Chrome/143.0.0.0 Safari/537.36"
2026-01-12,2026-01-12T06:01:53.590+00:00,,,XDssxdxZjoECFEA=,web_01KERB1H85DE4YAQFKGSFFW0JA,/,Chrome,OS X,,desktop,Macintosh,tr,,"159.146.67.95, 52.49.233.136","Mozilla/5.0 (Macintosh; Intel Mac OS X 10_15_7) AppleWebKit/537.36 (KHTML, like Gecko) Chrome/143.0.0.0 Safari/537.36"
2026-01-12,,2026-01-12T06:01:57.460+00:00,3.870,XDssxdxZjoECFEA=,web_01KERB1H85DE4YAQFKGSFFW0JA,/,Chrome,OS X,,desktop,Macintosh,tr,,"159.146.67.95, 52.49.233.136","Mozilla/5.0 (Macintosh; Intel Mac OS X 10_15_7) AppleWebKit/537.36 (KHTML, like Gecko) Chrome/143.0.0.0 Safari/537.36"
2026-01-12,2026-01-12T06:04:40.782+00:00,,,XDtGzcjKDoECIRw=,web_01KERB1H85DE4YAQFKGSFFW0JA,/,Chrome,OS X,,desktop,Macintosh,tr,,"159.146.67.95, 52.49.233.136","Mozilla/5.0 (Macintosh; Intel Mac OS X 10_15_7) AppleWebKit/537.36 (KHTML, like Gecko) Chrome/143.0.0.0 Safari/537.36"
2026-01-12,,2026-01-12T06:04:45.777+00:00,4.995,XDtGzcjKDoECIRw=,web_01KERB1H85DE4YAQFKGSFFW0JA,/,Chrome,OS X,,desktop,Macintosh,tr,,"159.146.67.95, 52.49.233.136","Mozilla/5.0 (Macintosh; Intel Mac OS X 10_15_7) AppleWebKit/537.36 (KHTML, like Gecko) Chrome/143.0.0.0 Safari/537.36"
2026-01-12,2026-01-12T06:05:03.487+00:00,,,XDtKXeAmjoECI8g=,web_01KERB1H85DE4YAQFKGSFFW0JA,/,Chrome,OS X,,desktop,Macintosh,tr,,"159.146.67.95, 52.49.233.136","Mozilla/5.0 (Macintosh; Intel Mac OS X 10_15_7) AppleWebKit/537.36 (KHTML, like Gecko) Chrome/143.0.0.0 Safari/537.36"
2026-01-12,2026-01-12T06:05:05.323+00:00,,,XDtKmcUiDoECFdQ=,web_01KERB1H85DE4YAQFKGSFFW0JA,/,Chrome,OS X,,desktop,Macintosh,tr,,"159.146.67.95, 52.49.233.136","Mozilla/5.0 (Macintosh; Intel Mac OS X 10_15_7) AppleWebKit/537.36 (KHTML, like Gecko) Chrome/143.0.0.0 Safari/537.36"
2026-01-12,,2026-01-12T06:05:06.485+00:00,2.998,XDtKXeAmjoECI8g=,web_01KERB1H85DE4YAQFKGSFFW0JA,/,Chrome,OS X,,desktop,Macintosh,tr,,"159.146.67.95, 52.49.233.136","Mozilla/5.0 (Macintosh; Intel Mac OS X 10_15_7) AppleWebKit/537.36 (KHTML, like Gecko) Chrome/143.0.0.0 Safari/537.36"
2026-01-12,,2026-01-12T06:05:08.437+00:00,3.114,XDtKmcUiDoECFdQ=,web_01KERB1H85DE4YAQFKGSFFW0JA,/,Chrome,OS X,,desktop,Macintosh,tr,,"159.146.67.95, 52.49.233.136","Mozilla/5.0 (Macintosh; Intel Mac OS X 10_15_7) AppleWebKit/537.36 (KHTML, like Gecko) Chrome/143.0.0.0 Safari/537.36"
2026-01-12,2026-01-12T06:59:57.956+00:00,,,XD1NHfJ7joECGQw=,web_01KERB1H85DE4YAQFKGSFFW0JA,/,Chrome,OS X,,desktop,Macintosh,tr,,"159.146.67.95, 52.49.233.136","Mozilla/5.0 (Macintosh; Intel Mac OS X 10_15_7) AppleWebKit/537.36 (KHTML, like Gecko) Chrome/143.0.0.0 Safari/537.36"
2026-01-12,2026-01-12T07:00:02.807+00:00,,,XD1Nwe3vjoECJ-Q=,web_01KERB1H85DE4YAQFKGSFFW0JA,/,Chrome,OS X,,desktop,Macintosh,tr,,"159.146.67.95, 52.49.233.136","Mozilla/5.0 (Macintosh; Intel Mac OS X 10_15_7) AppleWebKit/537.36 (KHTML, like Gecko) Chrome/143.0.0.0 Safari/537.36"
2026-01-12,,2026-01-12T07:00:03.621+00:00,5.665,XD1NHfJ7joECGQw=,web_01KERB1H85DE4YAQFKGSFFW0JA,/,Chrome,OS X,,desktop,Macintosh,tr,,"159.146.67.95, 52.49.233.136","Mozilla/5.0 (Macintosh; Intel Mac OS X 10_15_7) AppleWebKit/537.36 (KHTML, like Gecko) Chrome/143.0.0.0 Safari/537.36"
2026-01-12,,2026-01-12T07:00:05.806+00:00,2.999,XD1Nwe3vjoECJ-Q=,web_01KERB1H85DE4YAQFKGSFFW0JA,/,Chrome,OS X,,desktop,Macintosh,tr,,"159.146.67.95, 52.49.233.136","Mozilla/5.0 (Macintosh; Intel Mac OS X 10_15_7) AppleWebKit/537.36 (KHTML, like Gecko) Chrome/143.0.0.0 Safari/537.36"
2026-01-12,2026-01-12T07:00:13.680+00:00,,,XD1PocGAjoECHNw=,web_01KERB1H85DE4YAQFKGSFFW0JA,/,Chrome,OS X,,desktop,Macintosh,tr,,"159.146.67.95, 52.49.233.136","Mozilla/5.0 (Macintosh; Intel Mac OS X 10_15_7) AppleWebKit/537.36 (KHTML, like Gecko) Chrome/143.0.0.0 Safari/537.36"
2026-01-12,2026-01-12T07:00:15.977+00:00,,,XD1OLdvtjoECELw=,web_01KERB1H85DE4YAQFKGSFFW0JA,/,Chrome,OS X,,desktop,Macintosh,tr,,"159.146.67.95, 52.49.233.136","Mozilla/5.0 (Macintosh; Intel Mac OS X 10_15_7) AppleWebKit/537.36 (KHTML, like Gecko) Chrome/143.0.0.0 Safari/537.36"
2026-01-12,,2026-01-12T07:00:21.266+00:00,7.586,XD1PocGAjoECHNw=,web_01KERB1H85DE4YAQFKGSFFW0JA,/,Chrome,OS X,,desktop,Macintosh,tr,,"159.146.67.95, 52.49.233.136","Mozilla/5.0 (Macintosh; Intel Mac OS X 10_15_7) AppleWebKit/537.36 (KHTML, like Gecko) Chrome/143.0.0.0 Safari/537.36"
2026-01-12,2026-01-12T07:00:29.808+00:00,,,XD1SFd-SjoEAdHg=,web_01KERB1H85DE4YAQFKGSFFW0JA,/,Chrome,OS X,,desktop,Macintosh,tr,,"159.146.67.95, 52.49.233.136","Mozilla/5.0 (Macintosh; Intel Mac OS X 10_15_7) AppleWebKit/537.36 (KHTML, like Gecko) Chrome/143.0.0.0 Safari/537.36"
2026-01-12,,2026-01-12T07:00:36.202+00:00,6.394,XD1SFd-SjoEAdHg=,web_01KERB1H85DE4YAQFKGSFFW0JA,/,Chrome,OS X,,desktop,Macintosh,tr,,"159.146.67.95, 52.49.233.136","Mozilla/5.0 (Macintosh; Intel Mac OS X 10_15_7) AppleWebKit/537.36 (KHTML, like Gecko) Chrome/143.0.0.0 Safari/537.36"
2026-01-12,2026-01-12T07:00:41.051+00:00,,,XD1T6ckEjoECIYA=,web_01KERB1H85DE4YAQFKGSFFW0JA,/,Chrome,OS X,,desktop,Macintosh,tr,,"159.146.67.95, 52.49.233.136","Mozilla/5.0 (Macintosh; Intel Mac OS X 10_15_7) AppleWebKit/537.36 (KHTML, like Gecko) Chrome/143.0.0.0 Safari/537.36"
2026-01-12,,2026-01-12T07:01:01.259+00:00,20.208,XD1T6ckEjoECIYA=,web_01KERB1H85DE4YAQFKGSFFW0JA,/,Chrome,OS X,,desktop,Macintosh,tr,,"159.146.67.95, 52.49.233.136","Mozilla/5.0 (Macintosh; Intel Mac OS X 10_15_7) AppleWebKit/537.36 (KHTML, like Gecko) Chrome/143.0.0.0 Safari/537.36"
2026-01-12,2026-01-12T07:01:06.034+00:00,,,XD1XYfD3DoECJjg=,web_01KERB1H85DE4YAQFKGSFFW0JA,/,Chrome,OS X,,desktop,Macintosh,tr,,"159.146.67.95, 52.49.233.136","Mozilla/5.0 (Macintosh; Intel Mac OS X 10_15_7) AppleWebKit/537.36 (KHTML, like Gecko) Chrome/143.0.0.0 Safari/537.36"
2026-01-12,2026-01-12T07:01:08.277+00:00,,,XD1YFd_WjoECFFg=,web_01KERB1H85DE4YAQFKGSFFW0JA,/,Chrome,OS X,,desktop,Macintosh,tr,,"159.146.67.95, 52.49.233.136","Mozilla/5.0 (Macintosh; Intel Mac OS X 10_15_7) AppleWebKit/537.36 (KHTML, like Gecko) Chrome/143.0.0.0 Safari/537.36"
2026-01-12,,2026-01-12T07:01:08.536+00:00,2.502,XD1XYfD3DoECJjg=,web_01KERB1H85DE4YAQFKGSFFW0JA,/,Chrome,OS X,,desktop,Macintosh,tr,,"159.146.67.95, 52.49.233.136","Mozilla/5.0 (Macintosh; Intel Mac OS X 10_15_7) AppleWebKit/537.36 (KHTML, like Gecko) Chrome/143.0.0.0 Safari/537.36"
2026-01-12,,2026-01-12T07:01:21.055+00:00,12.778,XD1YFd_WjoECFFg=,web_01KERB1H85DE4YAQFKGSFFW0JA,/,Chrome,OS X,,desktop,Macintosh,tr,,"159.146.67.95, 52.49.233.136","Mozilla/5.0 (Macintosh; Intel Mac OS X 10_15_7) AppleWebKit/537.36 (KHTML, like Gecko) Chrome/143.0.0.0 Safari/537.36"
2026-01-12,2026-01-12T07:01:48.527+00:00,,,XD1bWef6joECGzg=,web_01KERB1H85DE4YAQFKGSFFW0JA,/,Chrome,OS X,,desktop,Macintosh,tr,,"159.146.67.95, 52.49.233.136","Mozilla/5.0 (Macintosh; Intel Mac OS X 10_15_7) AppleWebKit/537.36 (KHTML, like Gecko) Chrome/143.0.0.0 Safari/537.36"
2026-01-12,2026-01-12T07:05:30.717+00:00,,,XD2BFet0joECE9Q=,web_01KERB1H85DE4YAQFKGSFFW0JA,/,Chrome,OS X,,desktop,Macintosh,tr,,"159.146.67.95, 52.49.233.136","Mozilla/5.0 (Macintosh; Intel Mac OS X 10_15_7) AppleWebKit/537.36 (KHTML, like Gecko) Chrome/143.0.0.0 Safari/537.36"
2026-01-12,2026-01-12T07:05:40.437+00:00,,,XD2CsfDoDoECFag=,web_01KERB1H85DE4YAQFKGSFFW0JA,/,Chrome,OS X,,desktop,Macintosh,tr,,"159.146.67.95, 52.49.233.136","Mozilla/5.0 (Macintosh; Intel Mac OS X 10_15_7) AppleWebKit/537.36 (KHTML, like Gecko) Chrome/143.0.0.0 Safari/537.36"
2026-01-12,,2026-01-12T07:05:40.891+00:00,10.174,XD2BFet0joECE9Q=,web_01KERB1H85DE4YAQFKGSFFW0JA,/,Chrome,OS X,,desktop,Macintosh,tr,,"159.146.67.95, 52.49.233.136","Mozilla/5.0 (Macintosh; Intel Mac OS X 10_15_7) AppleWebKit/537.36 (KHTML, like Gecko) Chrome/143.0.0.0 Safari/537.36"
2026-01-12,,2026-01-12T07:05:43.264+00:00,2.827,XD2CsfDoDoECFag=,web_01KERB1H85DE4YAQFKGSFFW0JA,/,Chrome,OS X,,desktop,Macintosh,tr,,"159.146.67.95, 52.49.233.136","Mozilla/5.0 (Macintosh; Intel Mac OS X 10_15_7) AppleWebKit/537.36 (KHTML, like Gecko) Chrome/143.0.0.0 Safari/537.36"
2026-01-12,2026-01-12T07:06:17.134+00:00,,,XD2IbedzjoECGdQ=,web_01KERB1H85DE4YAQFKGSFFW0JA,/,Chrome,OS X,,desktop,Macintosh,tr,,"159.146.67.95, 52.49.233.136","Mozilla/5.0 (Macintosh; Intel Mac OS X 10_15_7) AppleWebKit/537.36 (KHTML, like Gecko) Chrome/143.0.0.0 Safari/537.36"
2026-01-12,,2026-01-12T07:06:19.604+00:00,2.470,XD2IbedzjoECGdQ=,web_01KERB1H85DE4YAQFKGSFFW0JA,/,Chrome,OS X,,desktop,Macintosh,tr,,"159.146.67.95, 52.49.233.136","Mozilla/5.0 (Macintosh; Intel Mac OS X 10_15_7) AppleWebKit/537.36 (KHTML, like Gecko) Chrome/143.0.0.0 Safari/537.36"
2026-01-12,2026-01-12T07:06:23.530+00:00,,,XD2JVdhbDoECItw=,web_01KERB1H85DE4YAQFKGSFFW0JA,/,Chrome,OS X,,desktop,Macintosh,tr,,"159.146.67.95, 52.49.233.136","Mozilla/5.0 (Macintosh; Intel Mac OS X 10_15_7) AppleWebKit/537.36 (KHTML, like Gecko) Chrome/143.0.0.0 Safari/537.36"
2026-01-12,,2026-01-12T07:06:30.147+00:00,6.617,XD2JVdhbDoECItw=,web_01KERB1H85DE4YAQFKGSFFW0JA,/,Chrome,OS X,,desktop,Macintosh,tr,,"159.146.67.95, 52.49.233.136","Mozilla/5.0 (Macintosh; Intel Mac OS X 10_15_7) AppleWebKit/537.36 (KHTML, like Gecko) Chrome/143.0.0.0 Safari/537.36"
2026-01-12,2026-01-12T07:10:50.465+00:00,,,XD2zDdOdDoECJ6g=,web_01KERB1H85DE4YAQFKGSFFW0JA,/,Chrome,OS X,,desktop,Macintosh,tr,,"159.146.67.95, 52.49.233.136","Mozilla/5.0 (Macintosh; Intel Mac OS X 10_15_7) AppleWebKit/537.36 (KHTML, like Gecko) Chrome/143.0.0.0 Safari/537.36"
2026-01-12,,2026-01-12T07:10:53.774+00:00,3.309,XD2zDdOdDoECJ6g=,web_01KERB1H85DE4YAQFKGSFFW0JA,/,Chrome,OS X,,desktop,Macintosh,tr,,"159.146.67.95, 52.49.233.136","Mozilla/5.0 (Macintosh; Intel Mac OS X 10_15_7) AppleWebKit/537.36 (KHTML, like Gecko) Chrome/143.0.0.0 Safari/537.36"
2026-01-12,2026-01-12T07:11:00.218+00:00,,,XD20FcfdDoECJvA=,web_01KERB1H85DE4YAQFKGSFFW0JA,/,Chrome,OS X,,desktop,Macintosh,tr,,"159.146.67.95, 52.49.233.136","Mozilla/5.0 (Macintosh; Intel Mac OS X 10_15_7) AppleWebKit/537.36 (KHTML, like Gecko) Chrome/143.0.0.0 Safari/537.36"
2026-01-12,,2026-01-12T07:11:01.119+00:00,0.901,XD20FcfdDoECJvA=,web_01KERB1H85DE4YAQFKGSFFW0JA,/,Chrome,OS X,,desktop,Macintosh,tr,,"159.146.67.95, 52.49.233.136","Mozilla/5.0 (Macintosh; Intel Mac OS X 10_15_7) AppleWebKit/537.36 (KHTML, like Gecko) Chrome/143.0.0.0 Safari/537.36"
2026-01-12,2026-01-12T07:11:05.603+00:00,,,XD20keQQDoECGYA=,web_01KERB1H85DE4YAQFKGSFFW0JA,/,Chrome,OS X,,desktop,Macintosh,tr,,"159.146.67.95, 52.49.233.136","Mozilla/5.0 (Macintosh; Intel Mac OS X 10_15_7) AppleWebKit/537.36 (KHTML, like Gecko) Chrome/143.0.0.0 Safari/537.36"
2026-01-12,,2026-01-12T07:11:18.242+00:00,12.639,XD20keQQDoECGYA=,web_01KERB1H85DE4YAQFKGSFFW0JA,/,Chrome,OS X,,desktop,Macintosh,tr,,"159.146.67.95, 52.49.233.136","Mozilla/5.0 (Macintosh; Intel Mac OS X 10_15_7) AppleWebKit/537.36 (KHTML, like Gecko) Chrome/143.0.0.0 Safari/537.36"
2026-01-12,2026-01-12T07:11:18.866+00:00,,,XD23ZcaHjoECH6A=,web_01KERB1H85DE4YAQFKGSFFW0JA,/,Chrome,OS X,,desktop,Macintosh,tr,,"159.146.67.95, 52.49.233.136","Mozilla/5.0 (Macintosh; Intel Mac OS X 10_15_7) AppleWebKit/537.36 (KHTML, like Gecko) Chrome/143.0.0.0 Safari/537.36"
2026-01-12,,2026-01-12T07:11:21.435+00:00,2.569,XD23ZcaHjoECH6A=,web_01KERB1H85DE4YAQFKGSFFW0JA,/,Chrome,OS X,,desktop,Macintosh,tr,,"159.146.67.95, 52.49.233.136","Mozilla/5.0 (Macintosh; Intel Mac OS X 10_15_7) AppleWebKit/537.36 (KHTML, like Gecko) Chrome/143.0.0.0 Safari/537.36"
2026-01-12,2026-01-12T07:11:39.656+00:00,,,XD26xfOODoECG0g=,web_01KERB1H85DE4YAQFKGSFFW0JA,/,Chrome,OS X,,desktop,Macintosh,tr,,"159.146.67.95, 52.49.233.136","Mozilla/5.0 (Macintosh; Intel Mac OS X 10_15_7) AppleWebKit/537.36 (KHTML, like Gecko) Chrome/143.0.0.0 Safari/537.36"
2026-01-12,,2026-01-12T07:11:47.543+00:00,7.887,XD26xfOODoECG0g=,web_01KERB1H85DE4YAQFKGSFFW0JA,/,Chrome,OS X,,desktop,Macintosh,tr,,"159.146.67.95, 52.49.233.136","Mozilla/5.0 (Macintosh; Intel Mac OS X 10_15_7) AppleWebKit/537.36 (KHTML, like Gecko) Chrome/143.0.0.0 Safari/537.36"
2026-01-12,2026-01-12T07:11:52.479+00:00,,,XD28icGADoECHAQ=,web_01KERB1H85DE4YAQFKGSFFW0JA,/,Chrome,OS X,,desktop,Macintosh,tr,,"159.146.67.95, 52.49.233.136","Mozilla/5.0 (Macintosh; Intel Mac OS X 10_15_7) AppleWebKit/537.36 (KHTML, like Gecko) Chrome/143.0.0.0 Safari/537.36"
2026-01-12,2026-01-12T07:11:54.638+00:00,,,XD29Hc_7joECJng=,web_01KERB1H85DE4YAQFKGSFFW0JA,/,Chrome,OS X,,desktop,Macintosh,tr,,"159.146.67.95, 52.49.233.136","Mozilla/5.0 (Macintosh; Intel Mac OS X 10_15_7) AppleWebKit/537.36 (KHTML, like Gecko) Chrome/143.0.0.0 Safari/537.36"
2026-01-12,,2026-01-12T07:11:54.975+00:00,2.496,XD28icGADoECHAQ=,web_01KERB1H85DE4YAQFKGSFFW0JA,/,Chrome,OS X,,desktop,Macintosh,tr,,"159.146.67.95, 52.49.233.136","Mozilla/5.0 (Macintosh; Intel Mac OS X 10_15_7) AppleWebKit/537.36 (KHTML, like Gecko) Chrome/143.0.0.0 Safari/537.36"
2026-01-12,,2026-01-12T07:11:57.310+00:00,2.672,XD29Hc_7joECJng=,web_01KERB1H85DE4YAQFKGSFFW0JA,/,Chrome,OS X,,desktop,Macintosh,tr,,"159.146.67.95, 52.49.233.136","Mozilla/5.0 (Macintosh; Intel Mac OS X 10_15_7) AppleWebKit/537.36 (KHTML, like Gecko) Chrome/143.0.0.0 Safari/537.36"
2026-01-12,2026-01-12T07:12:00.934+00:00,,,XD2-GcMmjoECFHg=,web_01KERB1H85DE4YAQFKGSFFW0JA,/,Chrome,OS X,,desktop,Macintosh,tr,,"159.146.67.95, 52.49.233.136","Mozilla/5.0 (Macintosh; Intel Mac OS X 10_15_7) AppleWebKit/537.36 (KHTML, like Gecko) Chrome/143.0.0.0 Safari/537.36"
2026-01-12,,2026-01-12T07:12:04.997+00:00,4.063,XD2-GcMmjoECFHg=,web_01KERB1H85DE4YAQFKGSFFW0JA,/,Chrome,OS X,,desktop,Macintosh,tr,,"159.146.67.95, 52.49.233.136","Mozilla/5.0 (Macintosh; Intel Mac OS X 10_15_7) AppleWebKit/537.36 (KHTML, like Gecko) Chrome/143.0.0.0 Safari/537.36"
2026-01-12,2026-01-12T07:37:25.492+00:00,,,XD6sUcB5DoECI2Q=,web_01KERB1H85DE4YAQFKGSFFW0JA,/,Chrome,OS X,,desktop,Macintosh,tr,,"159.146.67.95, 52.49.233.136","Mozilla/5.0 (Macintosh; Intel Mac OS X 10_15_7) AppleWebKit/537.36 (KHTML, like Gecko) Chrome/143.0.0.0 Safari/537.36"
2026-01-12,,2026-01-12T07:37:29.057+00:00,3.565,XD6sUcB5DoECI2Q=,web_01KERB1H85DE4YAQFKGSFFW0JA,/,Chrome,OS X,,desktop,Macintosh,tr,,"159.146.67.95, 52.49.233.136","Mozilla/5.0 (Macintosh; Intel Mac OS X 10_15_7) AppleWebKit/537.36 (KHTML, like Gecko) Chrome/143.0.0.0 Safari/537.36"
2026-01-12,2026-01-12T07:37:30.490+00:00,,,XD6ssfrIDoECJjg=,web_01KERB1H85DE4YAQFKGSFFW0JA,/,Chrome,OS X,,desktop,Macintosh,tr,,"159.146.67.95, 52.49.233.136","Mozilla/5.0 (Macintosh; Intel Mac OS X 10_15_7) AppleWebKit/537.36 (KHTML, like Gecko) Chrome/143.0.0.0 Safari/537.36"
2026-01-12,,2026-01-12T07:37:33.043+00:00,2.553,XD6ssfrIDoECJjg=,web_01KERB1H85DE4YAQFKGSFFW0JA,/,Chrome,OS X,,desktop,Macintosh,tr,,"159.146.67.95, 52.49.233.136","Mozilla/5.0 (Macintosh; Intel Mac OS X 10_15_7) AppleWebKit/537.36 (KHTML, like Gecko) Chrome/143.0.0.0 Safari/537.36"
2026-01-12,2026-01-12T07:37:33.571+00:00,,,XD6tbcisjoECIqA=,web_01KERB1H85DE4YAQFKGSFFW0JA,/,Chrome,OS X,,desktop,Macintosh,tr,,"159.146.67.95, 52.49.233.136","Mozilla/5.0 (Macintosh; Intel Mac OS X 10_15_7) AppleWebKit/537.36 (KHTML, like Gecko) Chrome/143.0.0.0 Safari/537.36"
2026-01-12,,2026-01-12T07:37:36.064+00:00,2.493,XD6tbcisjoECIqA=,web_01KERB1H85DE4YAQFKGSFFW0JA,/,Chrome,OS X,,desktop,Macintosh,tr,,"159.146.67.95, 52.49.233.136","Mozilla/5.0 (Macintosh; Intel Mac OS X 10_15_7) AppleWebKit/537.36 (KHTML, like Gecko) Chrome/143.0.0.0 Safari/537.36"
2026-01-12,2026-01-12T07:37:36.903+00:00,,,XD6uFe2gDoECIbg=,web_01KERB1H85DE4YAQFKGSFFW0JA,/,Chrome,OS X,,desktop,Macintosh,tr,,"159.146.67.95, 52.49.233.136","Mozilla/5.0 (Macintosh; Intel Mac OS X 10_15_7) AppleWebKit/537.36 (KHTML, like Gecko) Chrome/143.0.0.0 Safari/537.36"
2026-01-12,2026-01-12T07:37:37.982+00:00,,,XD6uVd4fDoECJWg=,web_01KERB1H85DE4YAQFKGSFFW0JA,/,Chrome,OS X,,desktop,Macintosh,tr,,"159.146.67.95, 52.49.233.136","Mozilla/5.0 (Macintosh; Intel Mac OS X 10_15_7) AppleWebKit/537.36 (KHTML, like Gecko) Chrome/143.0.0.0 Safari/537.36"
2026-01-12,,2026-01-12T07:37:39.617+00:00,2.714,XD6uFe2gDoECIbg=,web_01KERB1H85DE4YAQFKGSFFW0JA,/,Chrome,OS X,,desktop,Macintosh,tr,,"159.146.67.95, 52.49.233.136","Mozilla/5.0 (Macintosh; Intel Mac OS X 10_15_7) AppleWebKit/537.36 (KHTML, like Gecko) Chrome/143.0.0.0 Safari/537.36"
2026-01-12,2026-01-12T07:37:46.601+00:00,,,XD6vpe-5joECF1Q=,web_01KERB1H85DE4YAQFKGSFFW0JA,/,Chrome,OS X,,desktop,Macintosh,tr,,"159.146.67.95, 52.49.233.136","Mozilla/5.0 (Macintosh; Intel Mac OS X 10_15_7) AppleWebKit/537.36 (KHTML, like Gecko) Chrome/143.0.0.0 Safari/537.36"
2026-01-12,,2026-01-12T07:37:46.866+00:00,8.884,XD6uVd4fDoECJWg=,web_01KERB1H85DE4YAQFKGSFFW0JA,/,Chrome,OS X,,desktop,Macintosh,tr,,"159.146.67.95, 52.49.233.136","Mozilla/5.0 (Macintosh; Intel Mac OS X 10_15_7) AppleWebKit/537.36 (KHTML, like Gecko) Chrome/143.0.0.0 Safari/537.36"
2026-01-12,,2026-01-12T07:37:56.320+00:00,9.719,XD6vpe-5joECF1Q=,web_01KERB1H85DE4YAQFKGSFFW0JA,/,Chrome,OS X,,desktop,Macintosh,tr,,"159.146.67.95, 52.49.233.136","Mozilla/5.0 (Macintosh; Intel Mac OS X 10_15_7) AppleWebKit/537.36 (KHTML, like Gecko) Chrome/143.0.0.0 Safari/537.36"
2026-01-12,2026-01-12T07:38:02.848+00:00,,,XD6yFffaDoECHIQ=,web_01KERB1H85DE4YAQFKGSFFW0JA,/,Chrome,OS X,,desktop,Macintosh,tr,,"159.146.67.95, 52.49.233.136","Mozilla/5.0 (Macintosh; Intel Mac OS X 10_15_7) AppleWebKit/537.36 (KHTML, like Gecko) Chrome/143.0.0.0 Safari/537.36"
2026-01-12,,2026-01-12T07:38:26.011+00:00,23.163,XD6yFffaDoECHIQ=,web_01KERB1H85DE4YAQFKGSFFW0JA,/,Chrome,OS X,,desktop,Macintosh,tr,,"159.146.67.95, 52.49.233.136","Mozilla/5.0 (Macintosh; Intel Mac OS X 10_15_7) AppleWebKit/537.36 (KHTML, like Gecko) Chrome/143.0.0.0 Safari/537.36"
2026-01-12,2026-01-12T08:39:31.108+00:00,,,XEDybe3TDoECE8Q=,web_01KERB1H85DE4YAQFKGSFFW0JA,/,Chrome,OS X,,desktop,Macintosh,tr,,"159.146.67.95, 52.49.233.136","Mozilla/5.0 (Macintosh; Intel Mac OS X 10_15_7) AppleWebKit/537.36 (KHTML, like Gecko) Chrome/143.0.0.0 Safari/537.36"
2026-01-12,,2026-01-12T08:39:37.171+00:00,6.063,XEDybe3TDoECE8Q=,web_01KERB1H85DE4YAQFKGSFFW0JA,/,Chrome,OS X,,desktop,Macintosh,tr,,"159.146.67.95, 52.49.233.136","Mozilla/5.0 (Macintosh; Intel Mac OS X 10_15_7) AppleWebKit/537.36 (KHTML, like Gecko) Chrome/143.0.0.0 Safari/537.36"
2026-01-12,2026-01-12T12:46:17.922+00:00,,,XEn8DdElDoECF_Q=,web_01KES3WAH5QGVESV9HTKKAZZ51,/,Chrome,OS X,,desktop,Macintosh,tr,,"159.146.67.95, 52.49.233.136","Mozilla/5.0 (Macintosh; Intel Mac OS X 10_15_7) AppleWebKit/537.36 (KHTML, like Gecko) Chrome/143.0.0.0 Safari/537.36"
2026-01-12,,2026-01-12T12:46:26.010+00:00,8.088,XEn8DdElDoECF_Q=,web_01KES3WAH5QGVESV9HTKKAZZ51,/,Chrome,OS X,,desktop,Macintosh,tr,,"159.146.67.95, 52.49.233.136","Mozilla/5.0 (Macintosh; Intel Mac OS X 10_15_7) AppleWebKit/537.36 (KHTML, like Gecko) Chrome/143.0.0.0 Safari/537.36"
2026-01-13,2026-01-13T05:31:18.444+00:00,,,XG7J8foWjoECGLQ=,web_01KERB1H85DE4YAQFKGSFFW0JA,/,Chrome,OS X,,desktop,Macintosh,tr,,"159.146.67.95, 52.49.233.136","Mozilla/5.0 (Macintosh; Intel Mac OS X 10_15_7) AppleWebKit/537.36 (KHTML, like Gecko) Chrome/143.0.0.0 Safari/537.36"
2026-01-13,,2026-01-13T05:31:21.275+00:00,2.831,XG7J8foWjoECGLQ=,web_01KERB1H85DE4YAQFKGSFFW0JA,/,Chrome,OS X,,desktop,Macintosh,tr,,"159.146.67.95, 52.49.233.136","Mozilla/5.0 (Macintosh; Intel Mac OS X 10_15_7) AppleWebKit/537.36 (KHTML, like Gecko) Chrome/143.0.0.0 Safari/537.36"
2026-01-13,2026-01-13T06:38:41.424+00:00,,,XHFBuct6DoECHJQ=,web_01KERB1H85DE4YAQFKGSFFW0JA,/,Chrome,OS X,,desktop,Macintosh,tr,,"159.146.67.95, 52.49.233.136","Mozilla/5.0 (Macintosh; Intel Mac OS X 10_15_7) AppleWebKit/537.36 (KHTML, like Gecko) Chrome/143.0.0.0 Safari/537.36"
2026-01-13,,2026-01-13T06:38:43.983+00:00,2.559,XHFBuct6DoECHJQ=,web_01KERB1H85DE4YAQFKGSFFW0JA,/,Chrome,OS X,,desktop,Macintosh,tr,,"159.146.67.95, 52.49.233.136","Mozilla/5.0 (Macintosh; Intel Mac OS X 10_15_7) AppleWebKit/537.36 (KHTML, like Gecko) Chrome/143.0.0.0 Safari/537.36"
2026-01-13,2026-01-13T06:38:58.376+00:00,,,XHFEQdC2joECGSQ=,web_01KERB1H85DE4YAQFKGSFFW0JA,/,Chrome,OS X,,desktop,Macintosh,tr,,"159.146.67.95, 52.49.233.136","Mozilla/5.0 (Macintosh; Intel Mac OS X 10_15_7) AppleWebKit/537.36 (KHTML, like Gecko) Chrome/143.0.0.0 Safari/537.36"
2026-01-13,,2026-01-13T06:39:03.275+00:00,4.899,XHFEQdC2joECGSQ=,web_01KERB1H85DE4YAQFKGSFFW0JA,/,Chrome,OS X,,desktop,Macintosh,tr,,"159.146.67.95, 52.49.233.136","Mozilla/5.0 (Macintosh; Intel Mac OS X 10_15_7) AppleWebKit/537.36 (KHTML, like Gecko) Chrome/143.0.0.0 Safari/537.36"
2026-01-13,2026-01-13T06:39:32.428+00:00,,,XHFJadhhDoECEdg=,web_01KERB1H85DE4YAQFKGSFFW0JA,/,Chrome,OS X,,desktop,Macintosh,tr,,"159.146.67.95, 52.49.233.136","Mozilla/5.0 (Macintosh; Intel Mac OS X 10_15_7) AppleWebKit/537.36 (KHTML, like Gecko) Chrome/143.0.0.0 Safari/537.36"
2026-01-13,,2026-01-13T06:39:40.998+00:00,8.570,XHFJadhhDoECEdg=,web_01KERB1H85DE4YAQFKGSFFW0JA,/,Chrome,OS X,,desktop,Macintosh,tr,,"159.146.67.95, 52.49.233.136","Mozilla/5.0 (Macintosh; Intel Mac OS X 10_15_7) AppleWebKit/537.36 (KHTML, like Gecko) Chrome/143.0.0.0 Safari/537.36"
2026-01-13,2026-01-13T06:46:08.826+00:00,,,XHGHmeILjoECHOQ=,web_01KERB1H85DE4YAQFKGSFFW0JA,/,Chrome,OS X,,desktop,Macintosh,tr,,"159.146.67.95, 52.49.233.136","Mozilla/5.0 (Macintosh; Intel Mac OS X 10_15_7) AppleWebKit/537.36 (KHTML, like Gecko) Chrome/143.0.0.0 Safari/537.36"
2026-01-13,,2026-01-13T06:46:13.742+00:00,4.916,XHGHmeILjoECHOQ=,web_01KERB1H85DE4YAQFKGSFFW0JA,/,Chrome,OS X,,desktop,Macintosh,tr,,"159.146.67.95, 52.49.233.136","Mozilla/5.0 (Macintosh; Intel Mac OS X 10_15_7) AppleWebKit/537.36 (KHTML, like Gecko) Chrome/143.0.0.0 Safari/537.36"
2026-01-13,2026-01-13T06:53:00.957+00:00,,,XHHH-cOIjoECGJg=,web_01KERB1H85DE4YAQFKGSFFW0JA,/,Chrome,OS X,,desktop,Macintosh,tr,,"159.146.67.95, 52.49.233.136","Mozilla/5.0 (Macintosh; Intel Mac OS X 10_15_7) AppleWebKit/537.36 (KHTML, like Gecko) Chrome/143.0.0.0 Safari/537.36"
2026-01-13,,2026-01-13T06:53:05.164+00:00,4.207,XHHH-cOIjoECGJg=,web_01KERB1H85DE4YAQFKGSFFW0JA,/,Chrome,OS X,,desktop,Macintosh,tr,,"159.146.67.95, 52.49.233.136","Mozilla/5.0 (Macintosh; Intel Mac OS X 10_15_7) AppleWebKit/537.36 (KHTML, like Gecko) Chrome/143.0.0.0 Safari/537.36"
2026-01-13,2026-01-13T07:17:29.699+00:00,,,XHKtgfklDoECE8w=,web_01KERB1H85DE4YAQFKGSFFW0JA,/,Chrome,OS X,,desktop,Macintosh,tr,,"159.146.67.95, 52.49.233.136","Mozilla/5.0 (Macintosh; Intel Mac OS X 10_15_7) AppleWebKit/537.36 (KHTML, like Gecko) Chrome/143.0.0.0 Safari/537.36"
2026-01-13,,2026-01-13T07:17:32.392+00:00,2.693,XHKtgfklDoECE8w=,web_01KERB1H85DE4YAQFKGSFFW0JA,/,Chrome,OS X,,desktop,Macintosh,tr,,"159.146.67.95, 52.49.233.136","Mozilla/5.0 (Macintosh; Intel Mac OS X 10_15_7) AppleWebKit/537.36 (KHTML, like Gecko) Chrome/143.0.0.0 Safari/537.36"
2026-01-13,2026-01-13T07:17:43.036+00:00,,,XHKvjf5mjoECHAA=,web_01KERB1H85DE4YAQFKGSFFW0JA,/,Chrome,OS X,,desktop,Macintosh,tr,,"159.146.67.95, 52.49.233.136","Mozilla/5.0 (Macintosh; Intel Mac OS X 10_15_7) AppleWebKit/537.36 (KHTML, like Gecko) Chrome/143.0.0.0 Safari/537.36"
2026-01-13,,2026-01-13T07:17:45.773+00:00,2.737,XHKvjf5mjoECHAA=,web_01KERB1H85DE4YAQFKGSFFW0JA,/,Chrome,OS X,,desktop,Macintosh,tr,,"159.146.67.95, 52.49.233.136","Mozilla/5.0 (Macintosh; Intel Mac OS X 10_15_7) AppleWebKit/537.36 (KHTML, like Gecko) Chrome/143.0.0.0 Safari/537.36"
2026-01-13,2026-01-13T07:57:25.227+00:00,,,XHQjNe2vjoECF3g=,web_01KERB1H85DE4YAQFKGSFFW0JA,/,Chrome,OS X,,desktop,Macintosh,tr,,"159.146.67.95, 52.49.233.136","Mozilla/5.0 (Macintosh; Intel Mac OS X 10_15_7) AppleWebKit/537.36 (KHTML, like Gecko) Chrome/143.0.0.0 Safari/537.36"
2026-01-13,,2026-01-13T07:57:26.065+00:00,0.838,XHQjNe2vjoECF3g=,web_01KERB1H85DE4YAQFKGSFFW0JA,/,Chrome,OS X,,desktop,Macintosh,tr,,"159.146.67.95, 52.49.233.136","Mozilla/5.0 (Macintosh; Intel Mac OS X 10_15_7) AppleWebKit/537.36 (KHTML, like Gecko) Chrome/143.0.0.0 Safari/537.36"
2026-01-13,2026-01-13T07:57:26.161+00:00,,,XHQj7eTfjoECJWg=,web_01KERB1H85DE4YAQFKGSFFW0JA,/,Chrome,OS X,,desktop,Macintosh,tr,,"159.146.67.95, 52.49.233.136","Mozilla/5.0 (Macintosh; Intel Mac OS X 10_15_7) AppleWebKit/537.36 (KHTML, like Gecko) Chrome/143.0.0.0 Safari/537.36"
2026-01-13,,2026-01-13T07:57:30.084+00:00,3.923,XHQj7eTfjoECJWg=,web_01KERB1H85DE4YAQFKGSFFW0JA,/,Chrome,OS X,,desktop,Macintosh,tr,,"159.146.67.95, 52.49.233.136","Mozilla/5.0 (Macintosh; Intel Mac OS X 10_15_7) AppleWebKit/537.36 (KHTML, like Gecko) Chrome/143.0.0.0 Safari/537.36"
2026-01-13,2026-01-13T08:28:12.237+00:00,,,XHVEZci_joECJ7g=,web_01KERB1H85DE4YAQFKGSFFW0JA,/,Chrome,OS X,,desktop,Macintosh,tr,,"159.146.67.95, 52.49.233.136","Mozilla/5.0 (Macintosh; Intel Mac OS X 10_15_7) AppleWebKit/537.36 (KHTML, like Gecko) Chrome/143.0.0.0 Safari/537.36"
2026-01-13,,2026-01-13T08:28:18.310+00:00,6.073,XHVEZci_joECJ7g=,web_01KERB1H85DE4YAQFKGSFFW0JA,/,Chrome,OS X,,desktop,Macintosh,tr,,"159.146.67.95, 52.49.233.136","Mozilla/5.0 (Macintosh; Intel Mac OS X 10_15_7) AppleWebKit/537.36 (KHTML, like Gecko) Chrome/143.0.0.0 Safari/537.36"
2026-01-13,2026-01-13T10:26:07.809+00:00,,,XHmVoengjoECFyA=,web_01KERB1H85DE4YAQFKGSFFW0JA,/,Chrome,OS X,,desktop,Macintosh,tr,,"159.146.67.95, 52.49.233.136","Mozilla/5.0 (Macintosh; Intel Mac OS X 10_15_7) AppleWebKit/537.36 (KHTML, like Gecko) Chrome/143.0.0.0 Safari/537.36"
2026-01-13,,2026-01-13T10:26:13.828+00:00,6.019,XHmVoengjoECFyA=,web_01KERB1H85DE4YAQFKGSFFW0JA,/,Chrome,OS X,,desktop,Macintosh,tr,,"159.146.67.95, 52.49.233.136","Mozilla/5.0 (Macintosh; Intel Mac OS X 10_15_7) AppleWebKit/537.36 (KHTML, like Gecko) Chrome/143.0.0.0 Safari/537.36"
2026-01-13,2026-01-13T10:43:12.654+00:00,,,XHo2EdksDoECFUQ=,web_01KERB1H85DE4YAQFKGSFFW0JA,/,Chrome,OS X,,desktop,Macintosh,tr,,"159.146.67.95, 52.49.233.136","Mozilla/5.0 (Macintosh; Intel Mac OS X 10_15_7) AppleWebKit/537.36 (KHTML, like Gecko) Chrome/143.0.0.0 Safari/537.36"
2026-01-13,,2026-01-13T10:43:18.478+00:00,5.824,XHo2EdksDoECFUQ=,web_01KERB1H85DE4YAQFKGSFFW0JA,/,Chrome,OS X,,desktop,Macintosh,tr,,"159.146.67.95, 52.49.233.136","Mozilla/5.0 (Macintosh; Intel Mac OS X 10_15_7) AppleWebKit/537.36 (KHTML, like Gecko) Chrome/143.0.0.0 Safari/537.36"
2026-01-13,2026-01-13T10:43:30.971+00:00,,,XHo4ke5TDoECGuA=,web_01KERB1H85DE4YAQFKGSFFW0JA,/,Chrome,OS X,,desktop,Macintosh,tr,,"159.146.67.95, 52.49.233.136","Mozilla/5.0 (Macintosh; Intel Mac OS X 10_15_7) AppleWebKit/537.36 (KHTML, like Gecko) Chrome/143.0.0.0 Safari/537.36"
2026-01-13,,2026-01-13T10:43:32.073+00:00,1.102,XHo4ke5TDoECGuA=,web_01KERB1H85DE4YAQFKGSFFW0JA,/,Chrome,OS X,,desktop,Macintosh,tr,,"159.146.67.95, 52.49.233.136","Mozilla/5.0 (Macintosh; Intel Mac OS X 10_15_7) AppleWebKit/537.36 (KHTML, like Gecko) Chrome/143.0.0.0 Safari/537.36"
2026-01-13,2026-01-13T10:43:43.775+00:00,,,XHo1ZdBdjoECJqQ=,web_01KERB1H85DE4YAQFKGSFFW0JA,/,Chrome,OS X,,desktop,Macintosh,tr,,"159.146.67.95, 52.49.233.136","Mozilla/5.0 (Macintosh; Intel Mac OS X 10_15_7) AppleWebKit/537.36 (KHTML, like Gecko) Chrome/143.0.0.0 Safari/537.36"
2026-01-13,2026-01-13T10:43:55.506+00:00,,,XHo8qc2zDoECFDg=,web_01KERB1H85DE4YAQFKGSFFW0JA,/,Chrome,OS X,,desktop,Macintosh,tr,,"159.146.67.95, 52.49.233.136","Mozilla/5.0 (Macintosh; Intel Mac OS X 10_15_7) AppleWebKit/537.36 (KHTML, like Gecko) Chrome/143.0.0.0 Safari/537.36"
2026-01-13,,2026-01-13T10:43:57.945+00:00,2.439,XHo8qc2zDoECFDg=,web_01KERB1H85DE4YAQFKGSFFW0JA,/,Chrome,OS X,,desktop,Macintosh,tr,,"159.146.67.95, 52.49.233.136","Mozilla/5.0 (Macintosh; Intel Mac OS X 10_15_7) AppleWebKit/537.36 (KHTML, like Gecko) Chrome/143.0.0.0 Safari/537.36"
2026-01-13,2026-01-13T10:44:01.484+00:00,,,XHo84dDYDoECGTA=,web_01KERB1H85DE4YAQFKGSFFW0JA,/,Chrome,OS X,,desktop,Macintosh,tr,,"159.146.67.95, 52.49.233.136","Mozilla/5.0 (Macintosh; Intel Mac OS X 10_15_7) AppleWebKit/537.36 (KHTML, like Gecko) Chrome/143.0.0.0 Safari/537.36"
2026-01-13,,2026-01-13T10:44:03.114+00:00,1.630,XHo84dDYDoECGTA=,web_01KERB1H85DE4YAQFKGSFFW0JA,/,Chrome,OS X,,desktop,Macintosh,tr,,"159.146.67.95, 52.49.233.136","Mozilla/5.0 (Macintosh; Intel Mac OS X 10_15_7) AppleWebKit/537.36 (KHTML, like Gecko) Chrome/143.0.0.0 Safari/537.36"
2026-01-13,2026-01-13T10:48:19.017+00:00,,,XHpl8fGZjoECJ8w=,web_01KERB1H85DE4YAQFKGSFFW0JA,/,Chrome,OS X,,desktop,Macintosh,tr,,"159.146.67.95, 52.49.233.136","Mozilla/5.0 (Macintosh; Intel Mac OS X 10_15_7) AppleWebKit/537.36 (KHTML, like Gecko) Chrome/143.0.0.0 Safari/537.36"
2026-01-13,,2026-01-13T10:48:22.446+00:00,3.429,XHpl8fGZjoECJ8w=,web_01KERB1H85DE4YAQFKGSFFW0JA,/,Chrome,OS X,,desktop,Macintosh,tr,,"159.146.67.95, 52.49.233.136","Mozilla/5.0 (Macintosh; Intel Mac OS X 10_15_7) AppleWebKit/537.36 (KHTML, like Gecko) Chrome/143.0.0.0 Safari/537.36"
2026-01-13,2026-01-13T10:51:45.659+00:00,,,XHqGPdgYjoECJ4g=,web_01KERB1H85DE4YAQFKGSFFW0JA,/,Chrome,OS X,,desktop,Macintosh,tr,,"159.146.67.95, 52.49.233.136","Mozilla/5.0 (Macintosh; Intel Mac OS X 10_15_7) AppleWebKit/537.36 (KHTML, like Gecko) Chrome/143.0.0.0 Safari/537.36"
2026-01-13,,2026-01-13T10:51:48.105+00:00,2.446,XHqGPdgYjoECJ4g=,web_01KERB1H85DE4YAQFKGSFFW0JA,/,Chrome,OS X,,desktop,Macintosh,tr,,"159.146.67.95, 52.49.233.136","Mozilla/5.0 (Macintosh; Intel Mac OS X 10_15_7) AppleWebKit/537.36 (KHTML, like Gecko) Chrome/143.0.0.0 Safari/537.36"
2026-01-13,2026-01-13T10:51:48.667+00:00,,,XHqGue_BjoECGFA=,web_01KERB1H85DE4YAQFKGSFFW0JA,/,Chrome,OS X,,desktop,Macintosh,tr,,"159.146.67.95, 52.49.233.136","Mozilla/5.0 (Macintosh; Intel Mac OS X 10_15_7) AppleWebKit/537.36 (KHTML, like Gecko) Chrome/143.0.0.0 Safari/537.36"
2026-01-13,,2026-01-13T10:51:53.340+00:00,4.673,XHqGue_BjoECGFA=,web_01KERB1H85DE4YAQFKGSFFW0JA,/,Chrome,OS X,,desktop,Macintosh,tr,,"159.146.67.95, 52.49.233.136","Mozilla/5.0 (Macintosh; Intel Mac OS X 10_15_7) AppleWebKit/537.36 (KHTML, like Gecko) Chrome/143.0.0.0 Safari/537.36"
2026-01-13,2026-01-13T10:51:55.195+00:00,,,XHqHXekzjoECFhg=,web_01KERB1H85DE4YAQFKGSFFW0JA,/,Chrome,OS X,,desktop,Macintosh,tr,,"159.146.67.95, 52.49.233.136","Mozilla/5.0 (Macintosh; Intel Mac OS X 10_15_7) AppleWebKit/537.36 (KHTML, like Gecko) Chrome/143.0.0.0 Safari/537.36"
2026-01-13,2026-01-13T10:51:57.006+00:00,,,XHqH9cI6DoECHtQ=,web_01KERB1H85DE4YAQFKGSFFW0JA,/,Chrome,OS X,,desktop,Macintosh,tr,,"159.146.67.95, 52.49.233.136","Mozilla/5.0 (Macintosh; Intel Mac OS X 10_15_7) AppleWebKit/537.36 (KHTML, like Gecko) Chrome/143.0.0.0 Safari/537.36"
2026-01-13,,2026-01-13T10:51:57.134+00:00,1.939,XHqHXekzjoECFhg=,web_01KERB1H85DE4YAQFKGSFFW0JA,/,Chrome,OS X,,desktop,Macintosh,tr,,"159.146.67.95, 52.49.233.136","Mozilla/5.0 (Macintosh; Intel Mac OS X 10_15_7) AppleWebKit/537.36 (KHTML, like Gecko) Chrome/143.0.0.0 Safari/537.36"
2026-01-13,,2026-01-13T10:51:59.495+00:00,2.489,XHqH9cI6DoECHtQ=,web_01KERB1H85DE4YAQFKGSFFW0JA,/,Chrome,OS X,,desktop,Macintosh,tr,,"159.146.67.95, 52.49.233.136","Mozilla/5.0 (Macintosh; Intel Mac OS X 10_15_7) AppleWebKit/537.36 (KHTML, like Gecko) Chrome/143.0.0.0 Safari/537.36"
2026-01-13,2026-01-13T10:52:07.084+00:00,,,XHqJce9CDoECJ8A=,web_01KERB1H85DE4YAQFKGSFFW0JA,/,Chrome,OS X,,desktop,Macintosh,tr,,"159.146.67.95, 52.49.233.136","Mozilla/5.0 (Macintosh; Intel Mac OS X 10_15_7) AppleWebKit/537.36 (KHTML, like Gecko) Chrome/143.0.0.0 Safari/537.36"
2026-01-13,,2026-01-13T10:52:15.187+00:00,8.103,XHqJce9CDoECJ8A=,web_01KERB1H85DE4YAQFKGSFFW0JA,/,Chrome,OS X,,desktop,Macintosh,tr,,"159.146.67.95, 52.49.233.136","Mozilla/5.0 (Macintosh; Intel Mac OS X 10_15_7) AppleWebKit/537.36 (KHTML, like Gecko) Chrome/143.0.0.0 Safari/537.36"
2026-01-13,2026-01-13T12:56:37.798+00:00,,,XH8YzePyjoECFcA=,web_01KERB1H85DE4YAQFKGSFFW0JA,/,Chrome,OS X,,desktop,Macintosh,tr,,"159.146.67.95, 52.49.233.136","Mozilla/5.0 (Macintosh; Intel Mac OS X 10_15_7) AppleWebKit/537.36 (KHTML, like Gecko) Chrome/143.0.0.0 Safari/537.36"
2026-01-13,,2026-01-13T12:56:40.260+00:00,2.462,XH8YzePyjoECFcA=,web_01KERB1H85DE4YAQFKGSFFW0JA,/,Chrome,OS X,,desktop,Macintosh,tr,,"159.146.67.95, 52.49.233.136","Mozilla/5.0 (Macintosh; Intel Mac OS X 10_15_7) AppleWebKit/537.36 (KHTML, like Gecko) Chrome/143.0.0.0 Safari/537.36"
2026-01-13,2026-01-13T13:06:18.460+00:00,,,XH9zheo-joECEPw=,web_01KERB1H85DE4YAQFKGSFFW0JA,/,Chrome,OS X,,desktop,Macintosh,tr,,"159.146.67.95, 52.49.233.136","Mozilla/5.0 (Macintosh; Intel Mac OS X 10_15_7) AppleWebKit/537.36 (KHTML, like Gecko) Chrome/143.0.0.0 Safari/537.36"
2026-01-13,2026-01-13T13:06:36.254+00:00,,,XH92TdJBjoECHNw=,web_01KERB1H85DE4YAQFKGSFFW0JA,/,Chrome,OS X,,desktop,Macintosh,tr,,"159.146.67.95, 52.49.233.136","Mozilla/5.0 (Macintosh; Intel Mac OS X 10_15_7) AppleWebKit/537.36 (KHTML, like Gecko) Chrome/143.0.0.0 Safari/537.36"
2026-01-13,,2026-01-13T13:06:36.467+00:00,18.007,XH9zheo-joECEPw=,web_01KERB1H85DE4YAQFKGSFFW0JA,/,Chrome,OS X,,desktop,Macintosh,tr,,"159.146.67.95, 52.49.233.136","Mozilla/5.0 (Macintosh; Intel Mac OS X 10_15_7) AppleWebKit/537.36 (KHTML, like Gecko) Chrome/143.0.0.0 Safari/537.36"
2026-01-13,,2026-01-13T13:06:40.507+00:00,4.253,XH92TdJBjoECHNw=,web_01KERB1H85DE4YAQFKGSFFW0JA,/,Chrome,OS X,,desktop,Macintosh,tr,,"159.146.67.95, 52.49.233.136","Mozilla/5.0 (Macintosh; Intel Mac OS X 10_15_7) AppleWebKit/537.36 (KHTML, like Gecko) Chrome/143.0.0.0 Safari/537.36"
2026-01-14,2026-01-14T07:03:06.159+00:00,,,XKbihd0aDoECJvA=,web_01KEXN1B1QYB4NAFSH3MBD21RE,/,Chrome,OS X,,desktop,Macintosh,tr,,"85.153.201.176, 52.49.233.136","Mozilla/5.0 (Macintosh; Intel Mac OS X 10_15_7) AppleWebKit/537.36 (KHTML, like Gecko) Chrome/143.0.0.0 Safari/537.36"
2026-01-14,2026-01-14T07:03:07.354+00:00,,,XKbivfFZDoECGSw=,web_01KEXN1B1QYB4NAFSH3MBD21RE,/,Chrome,OS X,,desktop,Macintosh,tr,,"85.153.201.176, 52.49.233.136","Mozilla/5.0 (Macintosh; Intel Mac OS X 10_15_7) AppleWebKit/537.36 (KHTML, like Gecko) Chrome/143.0.0.0 Safari/537.36"
2026-01-14,,2026-01-14T07:03:08.510+00:00,2.351,XKbihd0aDoECJvA=,web_01KEXN1B1QYB4NAFSH3MBD21RE,/,Chrome,OS X,,desktop,Macintosh,tr,,"85.153.201.176, 52.49.233.136","Mozilla/5.0 (Macintosh; Intel Mac OS X 10_15_7) AppleWebKit/537.36 (KHTML, like Gecko) Chrome/143.0.0.0 Safari/537.36"
2026-01-14,,2026-01-14T07:03:18.639+00:00,11.285,XKbivfFZDoECGSw=,web_01KEXN1B1QYB4NAFSH3MBD21RE,/,Chrome,OS X,,desktop,Macintosh,tr,,"85.153.201.176, 52.49.233.136","Mozilla/5.0 (Macintosh; Intel Mac OS X 10_15_7) AppleWebKit/537.36 (KHTML, like Gecko) Chrome/143.0.0.0 Safari/537.36"
2026-01-14,2026-01-14T07:03:19.435+00:00,,,XKbkgcV8DoECHyg=,web_01KEXN1B1QYB4NAFSH3MBD21RE,/,Chrome,OS X,,desktop,Macintosh,tr,,"85.153.201.176, 52.49.233.136","Mozilla/5.0 (Macintosh; Intel Mac OS X 10_15_7) AppleWebKit/537.36 (KHTML, like Gecko) Chrome/143.0.0.0 Safari/537.36"
2026-01-14,,2026-01-14T07:03:24.313+00:00,4.878,XKbkgcV8DoECHyg=,web_01KEXN1B1QYB4NAFSH3MBD21RE,/,Chrome,OS X,,desktop,Macintosh,tr,,"85.153.201.176, 52.49.233.136","Mozilla/5.0 (Macintosh; Intel Mac OS X 10_15_7) AppleWebKit/537.36 (KHTML, like Gecko) Chrome/143.0.0.0 Safari/537.36"
2026-01-14,2026-01-14T07:03:46.434+00:00,,,XKbozd1fDoECHew=,web_01KEXN2JA9NY6BAMTGHP942CQ2,/,Chrome,OS X,,desktop,Macintosh,tr,,"85.153.201.176, 52.49.233.136","Mozilla/5.0 (Macintosh; Intel Mac OS X 10_15_7) AppleWebKit/537.36 (KHTML, like Gecko) Chrome/143.0.0.0 Safari/537.36"
2026-01-14,,2026-01-14T07:03:48.901+00:00,2.467,XKbozd1fDoECHew=,web_01KEXN2JA9NY6BAMTGHP942CQ2,/,Chrome,OS X,,desktop,Macintosh,tr,,"85.153.201.176, 52.49.233.136","Mozilla/5.0 (Macintosh; Intel Mac OS X 10_15_7) AppleWebKit/537.36 (KHTML, like Gecko) Chrome/143.0.0.0 Safari/537.36"
2026-01-14,2026-01-14T07:04:09.337+00:00,,,XKbsaf2ODoECH1Q=,web_01KEXN2JA9NY6BAMTGHP942CQ2,/,Chrome,OS X,,desktop,Macintosh,tr,,"85.153.201.176, 52.49.233.136","Mozilla/5.0 (Macintosh; Intel Mac OS X 10_15_7) AppleWebKit/537.36 (KHTML, like Gecko) Chrome/143.0.0.0 Safari/537.36"
2026-01-14,,2026-01-14T07:04:13.449+00:00,4.112,XKbsaf2ODoECH1Q=,web_01KEXN2JA9NY6BAMTGHP942CQ2,/,Chrome,OS X,,desktop,Macintosh,tr,,"85.153.201.176, 52.49.233.136","Mozilla/5.0 (Macintosh; Intel Mac OS X 10_15_7) AppleWebKit/537.36 (KHTML, like Gecko) Chrome/143.0.0.0 Safari/537.36"
2026-01-14,2026-01-14T07:53:59.452+00:00,,,XKi_pdfFjoECIGw=,web_01KEXN2JA9NY6BAMTGHP942CQ2,/,Chrome,OS X,,desktop,Macintosh,tr,,"85.153.201.176, 52.49.233.136","Mozilla/5.0 (Macintosh; Intel Mac OS X 10_15_7) AppleWebKit/537.36 (KHTML, like Gecko) Chrome/143.0.0.0 Safari/537.36"
2026-01-14,,2026-01-14T07:54:02.480+00:00,3.028,XKi_pdfFjoECIGw=,web_01KEXN2JA9NY6BAMTGHP942CQ2,/,Chrome,OS X,,desktop,Macintosh,tr,,"85.153.201.176, 52.49.233.136","Mozilla/5.0 (Macintosh; Intel Mac OS X 10_15_7) AppleWebKit/537.36 (KHTML, like Gecko) Chrome/143.0.0.0 Safari/537.36"
2026-01-14,2026-01-14T07:55:07.353+00:00,,,XKjHpd0CDoECIQA=,web_01KEXN2JA9NY6BAMTGHP942CQ2,/,Chrome,OS X,,desktop,Macintosh,tr,,"85.153.201.176, 52.49.233.136","Mozilla/5.0 (Macintosh; Intel Mac OS X 10_15_7) AppleWebKit/537.36 (KHTML, like Gecko) Chrome/143.0.0.0 Safari/537.36"
2026-01-14,2026-01-14T07:56:17.749+00:00,,,XKjVQdPvDoECIOg=,web_01KEXN2JA9NY6BAMTGHP942CQ2,/,Chrome,OS X,,desktop,Macintosh,tr,,"85.153.201.176, 52.49.233.136","Mozilla/5.0 (Macintosh; Intel Mac OS X 10_15_7) AppleWebKit/537.36 (KHTML, like Gecko) Chrome/143.0.0.0 Safari/537.36"
2026-01-14,,2026-01-14T07:56:18.616+00:00,71.263,XKjHpd0CDoECIQA=,web_01KEXN2JA9NY6BAMTGHP942CQ2,/,Chrome,OS X,,desktop,Macintosh,tr,,"85.153.201.176, 52.49.233.136","Mozilla/5.0 (Macintosh; Intel Mac OS X 10_15_7) AppleWebKit/537.36 (KHTML, like Gecko) Chrome/143.0.0.0 Safari/537.36"
2026-01-14,,2026-01-14T07:56:20.268+00:00,2.519,XKjVQdPvDoECIOg=,web_01KEXN2JA9NY6BAMTGHP942CQ2,/,Chrome,OS X,,desktop,Macintosh,tr,,"85.153.201.176, 52.49.233.136","Mozilla/5.0 (Macintosh; Intel Mac OS X 10_15_7) AppleWebKit/537.36 (KHTML, like Gecko) Chrome/143.0.0.0 Safari/537.36"
2026-01-14,2026-01-14T09:53:16.420+00:00,,,XK0d2f4vDoECILQ=,web_01KEXN2JA9NY6BAMTGHP942CQ2,/,Chrome,OS X,,desktop,Macintosh,tr,,"85.153.201.176, 52.49.233.136","Mozilla/5.0 (Macintosh; Intel Mac OS X 10_15_7) AppleWebKit/537.36 (KHTML, like Gecko) Chrome/143.0.0.0 Safari/537.36"
2026-01-14,,2026-01-14T09:53:19.911+00:00,3.491,XK0d2f4vDoECILQ=,web_01KEXN2JA9NY6BAMTGHP942CQ2,/,Chrome,OS X,,desktop,Macintosh,tr,,"85.153.201.176, 52.49.233.136","Mozilla/5.0 (Macintosh; Intel Mac OS X 10_15_7) AppleWebKit/537.36 (KHTML, like Gecko) Chrome/143.0.0.0 Safari/537.36"
2026-01-14,2026-01-14T09:53:22.016+00:00,,,XK0e1fCyjoECGPg=,web_01KEXN2JA9NY6BAMTGHP942CQ2,/,Chrome,OS X,,desktop,Macintosh,tr,,"85.153.201.176, 52.49.233.136","Mozilla/5.0 (Macintosh; Intel Mac OS X 10_15_7) AppleWebKit/537.36 (KHTML, like Gecko) Chrome/143.0.0.0 Safari/537.36"
2026-01-14,,2026-01-14T09:53:27.133+00:00,5.117,XK0e1fCyjoECGPg=,web_01KEXN2JA9NY6BAMTGHP942CQ2,/,Chrome,OS X,,desktop,Macintosh,tr,,"85.153.201.176, 52.49.233.136","Mozilla/5.0 (Macintosh; Intel Mac OS X 10_15_7) AppleWebKit/537.36 (KHTML, like Gecko) Chrome/143.0.0.0 Safari/537.36"
2026-01-14,2026-01-14T10:37:09.270+00:00,,,XK65Td4UDoECFCA=,web_01KEXN2JA9NY6BAMTGHP942CQ2,/,Chrome,OS X,,desktop,Macintosh,tr,,"85.153.201.176, 52.49.233.136","Mozilla/5.0 (Macintosh; Intel Mac OS X 10_15_7) AppleWebKit/537.36 (KHTML, like Gecko) Chrome/143.0.0.0 Safari/537.36"
2026-01-14,,2026-01-14T10:37:11.736+00:00,2.466,XK65Td4UDoECFCA=,web_01KEXN2JA9NY6BAMTGHP942CQ2,/,Chrome,OS X,,desktop,Macintosh,tr,,"85.153.201.176, 52.49.233.136","Mozilla/5.0 (Macintosh; Intel Mac OS X 10_15_7) AppleWebKit/537.36 (KHTML, like Gecko) Chrome/143.0.0.0 Safari/537.36"
2026-01-15,2026-01-15T05:59:01.937+00:00,,,XNlF6f4ADoECJ_A=,web_01KEXN2JA9NY6BAMTGHP942CQ2,/,Chrome,OS X,,desktop,Macintosh,tr,,"159.146.67.95, 52.49.233.136","Mozilla/5.0 (Macintosh; Intel Mac OS X 10_15_7) AppleWebKit/537.36 (KHTML, like Gecko) Chrome/143.0.0.0 Safari/537.36"
2026-01-15,,2026-01-15T05:59:04.423+00:00,2.486,XNlF6f4ADoECJ_A=,web_01KEXN2JA9NY6BAMTGHP942CQ2,/,Chrome,OS X,,desktop,Macintosh,tr,,"159.146.67.95, 52.49.233.136","Mozilla/5.0 (Macintosh; Intel Mac OS X 10_15_7) AppleWebKit/537.36 (KHTML, like Gecko) Chrome/143.0.0.0 Safari/537.36"
2026-01-15,2026-01-15T06:28:31.257+00:00,,,XNpaTem5joECEcQ=,web_01KERB1H85DE4YAQFKGSFFW0JA,/,Chrome,OS X,,desktop,Macintosh,tr,,"159.146.67.95, 52.49.233.136","Mozilla/5.0 (Macintosh; Intel Mac OS X 10_15_7) AppleWebKit/537.36 (KHTML, like Gecko) Chrome/143.0.0.0 Safari/537.36"
2026-01-15,,2026-01-15T06:28:35.851+00:00,4.594,XNpaTem5joECEcQ=,web_01KERB1H85DE4YAQFKGSFFW0JA,/,Chrome,OS X,,desktop,Macintosh,tr,,"159.146.67.95, 52.49.233.136","Mozilla/5.0 (Macintosh; Intel Mac OS X 10_15_7) AppleWebKit/537.36 (KHTML, like Gecko) Chrome/143.0.0.0 Safari/537.36"
2026-01-20,2026-01-20T08:19:53.378+00:00,,,XeYaNd8zjoECGwA=,web_01KFD2V5E6ADQHV53GFZGVTC1D,/,Chrome,OS X,,desktop,Macintosh,tr,,"159.146.67.95, 52.49.233.136","Mozilla/5.0 (Macintosh; Intel Mac OS X 10_15_7) AppleWebKit/537.36 (KHTML, like Gecko) Chrome/143.0.0.0 Safari/537.36"
2026-01-20,2026-01-20T08:19:54.760+00:00,,,XeYaqds2joECGBQ=,web_01KFD2V5E6ADQHV53GFZGVTC1D,/,Chrome,OS X,,desktop,Macintosh,tr,,"159.146.67.95, 52.49.233.136","Mozilla/5.0 (Macintosh; Intel Mac OS X 10_15_7) AppleWebKit/537.36 (KHTML, like Gecko) Chrome/143.0.0.0 Safari/537.36"
2026-01-20,,2026-01-20T08:19:56.678+00:00,3.300,XeYaNd8zjoECGwA=,web_01KFD2V5E6ADQHV53GFZGVTC1D,/,Chrome,OS X,,desktop,Macintosh,tr,,"159.146.67.95, 52.49.233.136","Mozilla/5.0 (Macintosh; Intel Mac OS X 10_15_7) AppleWebKit/537.36 (KHTML, like Gecko) Chrome/143.0.0.0 Safari/537.36"
2026-01-20,,2026-01-20T08:19:59.626+00:00,4.866,XeYaqds2joECGBQ=,web_01KFD2V5E6ADQHV53GFZGVTC1D,/,Chrome,OS X,,desktop,Macintosh,tr,,"159.146.67.95, 52.49.233.136","Mozilla/5.0 (Macintosh; Intel Mac OS X 10_15_7) AppleWebKit/537.36 (KHTML, like Gecko) Chrome/143.0.0.0 Safari/537.36"
2026-03-06,2026-03-06T07:12:06.453+00:00,,,Zyiq9c9YDoECHAg=,web_01KK0WSSNEV008GBYZKS4VJYXB,/,Chrome,OS X,,desktop,Macintosh,tr,,"159.146.67.95, 52.49.233.136","Mozilla/5.0 (Macintosh; Intel Mac OS X 10_15_7) AppleWebKit/537.36 (KHTML, like Gecko) Chrome/145.0.0.0 Safari/537.36"
2026-03-06,2026-03-06T07:12:07.474+00:00,,,ZyirKcJyjoECECw=,web_01KK0WSSNEV008GBYZKS4VJYXB,/,Chrome,OS X,,desktop,Macintosh,tr,,"159.146.67.95, 52.49.233.136","Mozilla/5.0 (Macintosh; Intel Mac OS X 10_15_7) AppleWebKit/537.36 (KHTML, like Gecko) Chrome/145.0.0.0 Safari/537.36"
2026-03-06,,2026-03-06T07:12:09.427+00:00,2.974,Zyiq9c9YDoECHAg=,web_01KK0WSSNEV008GBYZKS4VJYXB,/,Chrome,OS X,,desktop,Macintosh,tr,,"159.146.67.95, 52.49.233.136","Mozilla/5.0 (Macintosh; Intel Mac OS X 10_15_7) AppleWebKit/537.36 (KHTML, like Gecko) Chrome/145.0.0.0 Safari/537.36"
2026-03-06,2026-03-06T07:12:13.721+00:00,,,Zyir-dRGjoECJ5w=,web_01KK0WSSNEV008GBYZKS4VJYXB,/,Chrome,OS X,,desktop,Macintosh,tr,,"159.146.67.95, 52.49.233.136","Mozilla/5.0 (Macintosh; Intel Mac OS X 10_15_7) AppleWebKit/537.36 (KHTML, like Gecko) Chrome/145.0.0.0 Safari/537.36"
2026-03-06,,2026-03-06T07:12:13.898+00:00,6.424,ZyirKcJyjoECECw=,web_01KK0WSSNEV008GBYZKS4VJYXB,/,Chrome,OS X,,desktop,Macintosh,tr,,"159.146.67.95, 52.49.233.136","Mozilla/5.0 (Macintosh; Intel Mac OS X 10_15_7) AppleWebKit/537.36 (KHTML, like Gecko) Chrome/145.0.0.0 Safari/537.36"
2026-03-06,,2026-03-06T07:12:20.535+00:00,6.814,Zyir-dRGjoECJ5w=,web_01KK0WSSNEV008GBYZKS4VJYXB,/,Chrome,OS X,,desktop,Macintosh,tr,,"159.146.67.95, 52.49.233.136","Mozilla/5.0 (Macintosh; Intel Mac OS X 10_15_7) AppleWebKit/537.36 (KHTML, like Gecko) Chrome/145.0.0.0 Safari/537.36"
